customer_id,region,amount
1,Helwan,9011
2,Alex,1264
3,Maddi,1262
4,Alex,9730
5,Giza,5946
6,Maddi,4150
7,Helwan,3465
8,Alex,1725
9,Cairo,8794
10,Cairo,7952
11,Alex,6930
12,Alex,4900
13,Helwan,1980
14,Helwan,4195
15,Cairo,1158
16,Cairo,8972
17,Giza,2672
18,Alex,7320
19,Alex,1816
20,Helwan,8933
21,Alex,5873
22,Giza,7332
23,Helwan,3711
24,Alex,3612
25,Helwan,4918
26,Helwan,8135
27,Giza,8734
28,Cairo,2225
29,Alex,4558
30,Helwan,4306
31,Helwan,5311
32,Alex,1777
33,Helwan,8950
34,Giza,3872
35,Cairo,3490
36,Helwan,2359
37,Cairo,6810
38,Alex,7782
39,Alex,7380
40,Helwan,6701
41,Helwan,9066
42,Cairo,3711
43,Alex,6221
44,Giza,2781
45,Alex,6372
46,Helwan,7006
47,Alex,2269
48,Giza,9386
49,Maddi,1655
50,Maddi,8361
